Service Request URL,Service Request,Status,Request Date,Description
https://www.rva311.com/rvaone/Requests/ViewRequestDetail?requestId=203190-101000060165&type=new_cs180301154109&viewRole=,203190-101000060165,Completed,"May 31, 2017 8:50 pm",
https://www.rva311.com/rvaone/Requests/ViewRequestDetail?requestId=101000060158&type=new_cs180301154109&viewRole=,101000060158,Completed,"May 31, 2017 5:26 pm",
https://www.rva311.com/rvaone/Requests/ViewRequestDetail?requestId=101000060142&type=new_cs180221191708&viewRole=,101000060142,Completed,"May 31, 2017 4:43 pm",
https://www.rva311.com/rvaone/Requests/ViewRequestDetail?requestId=101000060139&type=new_cs180221194656&viewRole=,101000060139,Assigned,"May 31, 2017 4:34 pm",
https://www.rva311.com/rvaone/Requests/ViewRequestDetail?requestId=101000060133&type=new_cs180301154109&viewRole=,101000060133,Completed,"May 31, 2017 4:14 pm",
https://www.rva311.com/rvaone/Requests/ViewRequestDetail?requestId=203111-101000060129&type=new_cs180301154109&viewRole=,203111-101000060129,Assigned,"May 31, 2017 4:00 pm",
https://www.rva311.com/rvaone/Requests/ViewRequestDetail?requestId=101000060127&type=new_cs180301154109&viewRole=,101000060127,Completed,"May 31, 2017 3:50 pm",
https://www.rva311.com/rvaone/Requests/ViewRequestDetail?requestId=101000060126&type=new_cs180221194032&viewRole=,101000060126,Completed,"May 31, 2017 3:47 pm",
https://www.rva311.com/rvaone/Requests/ViewRequestDetail?requestId=101000060123&type=new_cs180301154109&viewRole=,101000060123,Completed,"May 31, 2017 3:43 pm",
https://www.rva311.com/rvaone/Requests/ViewRequestDetail?requestId=101000060121&type=new_cs180221194656&viewRole=,101000060121,Completed,"May 31, 2017 3:39 pm",
https://www.rva311.com/rvaone/Requests/ViewRequestDetail?requestId=101000060120&type=new_cs180221194032&viewRole=,101000060120,Completed,"May 31, 2017 3:37 pm",
https://www.rva311.com/rvaone/Requests/ViewRequestDetail?requestId=101000060119&type=new_cs180301154109&viewRole=,101000060119,Completed,"May 31, 2017 3:35 pm",
https://www.rva311.com/rvaone/Requests/ViewRequestDetail?requestId=101000060116&type=new_cs180226204420&viewRole=,101000060116,Completed,"May 31, 2017 3:32 pm",
https://www.rva311.com/rvaone/Requests/ViewRequestDetail?requestId=101000060114&type=new_cs180301154109&viewRole=,101000060114,Completed,"May 31, 2017 3:27 pm",
https://www.rva311.com/rvaone/Requests/ViewRequestDetail?requestId=101000060111&type=new_cs180301154109&viewRole=,101000060111,Assigned,"May 31, 2017 3:23 pm",
https://www.rva311.com/rvaone/Requests/ViewRequestDetail?requestId=101000060108&type=new_cs180301154109&viewRole=,101000060108,Completed,"May 31, 2017 3:19 pm",
https://www.rva311.com/rvaone/Requests/ViewRequestDetail?requestId=101000060107&type=new_cs180301154109&viewRole=,101000060107,Completed,"May 31, 2017 3:16 pm",
https://www.rva311.com/rvaone/Requests/ViewRequestDetail?requestId=203101-101000060102&type=new_cs180226204420&viewRole=,203101-101000060102,Completed,"May 31, 2017 3:10 pm",
https://www.rva311.com/rvaone/Requests/ViewRequestDetail?requestId=203100-101000060103&type=new_cs180226204420&viewRole=,203100-101000060103,Completed,"May 31, 2017 3:10 pm",
https://www.rva311.com/rvaone/Requests/ViewRequestDetail?requestId=101000060100&type=new_cs180221194032&viewRole=,101000060100,Assigned,"May 31, 2017 3:08 pm",
https://www.rva311.com/rvaone/Requests/ViewRequestDetail?requestId=101000060097&type=new_cs180221194032&viewRole=,101000060097,Assigned,"May 31, 2017 3:04 pm",
https://www.rva311.com/rvaone/Requests/ViewRequestDetail?requestId=101000060096&type=new_cs180301142929&viewRole=,101000060096,Completed,"May 31, 2017 3:02 pm",
https://www.rva311.com/rvaone/Requests/ViewRequestDetail?requestId=101000060092&type=new_cs180301142929&viewRole=,101000060092,Completed,"May 31, 2017 2:58 pm",
https://www.rva311.com/rvaone/Requests/ViewRequestDetail?requestId=101000060090&type=new_cs180221194457&viewRole=,101000060090,Completed,"May 31, 2017 2:53 pm",
https://www.rva311.com/rvaone/Requests/ViewRequestDetail?requestId=101000060086&type=new_cs180301154109&viewRole=,101000060086,Completed,"May 31, 2017 2:41 pm",
https://www.rva311.com/rvaone/Requests/ViewRequestDetail?requestId=203093-101000060085&type=new_cs180301154109&viewRole=,203093-101000060085,Completed,"May 31, 2017 2:40 pm",
https://www.rva311.com/rvaone/Requests/ViewRequestDetail?requestId=101000060084&type=new_cs180301142929&viewRole=,101000060084,Completed,"May 31, 2017 2:33 pm",
https://www.rva311.com/rvaone/Requests/ViewRequestDetail?requestId=101000060082&type=new_cs180221194423&viewRole=,101000060082,Completed,"May 31, 2017 2:30 pm",
https://www.rva311.com/rvaone/Requests/ViewRequestDetail?requestId=101000060078&type=new_cs180221194656&viewRole=,101000060078,Assigned,"May 31, 2017 2:24 pm",
https://www.rva311.com/rvaone/Requests/ViewRequestDetail?requestId=101000060077&type=new_cs180301154109&viewRole=,101000060077,Completed,"May 31, 2017 2:24 pm",
https://www.rva311.com/rvaone/Requests/ViewRequestDetail?requestId=101000060075&type=new_cs180221194032&viewRole=,101000060075,Assigned,"May 31, 2017 2:21 pm",
https://www.rva311.com/rvaone/Requests/ViewRequestDetail?requestId=101000060074&type=new_cs180221194656&viewRole=,101000060074,Assigned,"May 31, 2017 2:18 pm",
https://www.rva311.com/rvaone/Requests/ViewRequestDetail?requestId=101000060071&type=new_cs180301153010&viewRole=,101000060071,Assigned,"May 31, 2017 2:16 pm",
https://www.rva311.com/rvaone/Requests/ViewRequestDetail?requestId=101000060067&type=new_cs180301154109&viewRole=,101000060067,Completed,"May 31, 2017 2:14 pm",
https://www.rva311.com/rvaone/Requests/ViewRequestDetail?requestId=101000060069&type=new_cs180301154109&viewRole=,101000060069,Completed,"May 31, 2017 2:14 pm",
https://www.rva311.com/rvaone/Requests/ViewRequestDetail?requestId=101000060066&type=new_cs180221194032&viewRole=,101000060066,Completed,"May 31, 2017 2:12 pm",
https://www.rva311.com/rvaone/Requests/ViewRequestDetail?requestId=101000060064&type=new_cs180301142929&viewRole=,101000060064,Completed,"May 31, 2017 2:10 pm",
https://www.rva311.com/rvaone/Requests/ViewRequestDetail?requestId=101000060063&type=new_cs180301154109&viewRole=,101000060063,Assigned,"May 31, 2017 2:09 pm",
https://www.rva311.com/rvaone/Requests/ViewRequestDetail?requestId=101000060062&type=new_cs180221194656&viewRole=,101000060062,Assigned,"May 31, 2017 2:08 pm",
https://www.rva311.com/rvaone/Requests/ViewRequestDetail?requestId=101000060053&type=new_cs180301154109&viewRole=,101000060053,Assigned,"May 31, 2017 1:55 pm",
https://www.rva311.com/rvaone/Requests/ViewRequestDetail?requestId=101000060042&type=new_cs180221194656&viewRole=,101000060042,Assigned,"May 31, 2017 1:33 pm",
https://www.rva311.com/rvaone/Requests/ViewRequestDetail?requestId=203048-101000060028&type=new_cs180301154109&viewRole=,203048-101000060028,Completed,"May 31, 2017 12:46 pm",
https://www.rva311.com/rvaone/Requests/ViewRequestDetail?requestId=101000060027&type=new_cs180221192758&viewRole=,101000060027,Completed,"May 31, 2017 12:36 pm",
https://www.rva311.com/rvaone/Requests/ViewRequestDetail?requestId=203034-101000060017&type=new_cs180301154109&viewRole=,203034-101000060017,Assigned,"May 31, 2017 12:18 pm",
https://www.rva311.com/rvaone/Requests/ViewRequestDetail?requestId=101000060011&type=new_cs180301142929&viewRole=,101000060011,Completed,"May 31, 2017 12:04 pm",
https://www.rva311.com/rvaone/Requests/ViewRequestDetail?requestId=203022-101000060006&type=new_cs180301154109&viewRole=,203022-101000060006,Completed,"May 31, 2017 11:48 am",
https://www.rva311.com/rvaone/Requests/ViewRequestDetail?requestId=101000060005&type=new_cs180221194656&viewRole=,101000060005,Assigned,"May 31, 2017 11:44 am",
https://www.rva311.com/rvaone/Requests/ViewRequestDetail?requestId=203016-101000060003&type=new_cs180301154109&viewRole=,203016-101000060003,Completed,"May 31, 2017 11:30 am",
https://www.rva311.com/rvaone/Requests/ViewRequestDetail?requestId=202998-101000059995&type=new_cs180301154109&viewRole=,202998-101000059995,Completed,"May 31, 2017 11:00 am",
https://www.rva311.com/rvaone/Requests/ViewRequestDetail?requestId=202986-101000059988&type=new_cs180301154109&viewRole=,202986-101000059988,Completed,"May 31, 2017 10:42 am",
https://www.rva311.com/rvaone/Requests/ViewRequestDetail?requestId=202982-101000059984&type=new_cs180301154109&viewRole=,202982-101000059984,Completed,"May 31, 2017 10:14 am",
https://www.rva311.com/rvaone/Requests/ViewRequestDetail?requestId=101000059978&type=new_cs180221194032&viewRole=,101000059978,Completed,"May 31, 2017 9:53 am",
https://www.rva311.com/rvaone/Requests/ViewRequestDetail?requestId=101000059971&type=new_cs180221194656&viewRole=,101000059971,Completed,"May 31, 2017 9:22 am",
https://www.rva311.com/rvaone/Requests/ViewRequestDetail?requestId=101000059968&type=new_cs180301142929&viewRole=,101000059968,Completed,"May 31, 2017 9:16 am",
https://www.rva311.com/rvaone/Requests/ViewRequestDetail?requestId=101000059961&type=new_cs180221190731&viewRole=,101000059961,Completed,"May 31, 2017 9:06 am",
https://www.rva311.com/rvaone/Requests/ViewRequestDetail?requestId=202921-101000059951&type=new_cs180221194251&viewRole=,202921-101000059951,Assigned,"May 31, 2017 8:40 am",
https://www.rva311.com/rvaone/Requests/ViewRequestDetail?requestId=101000059950&type=new_cs180221194656&viewRole=,101000059950,Assigned,"May 31, 2017 8:39 am",
https://www.rva311.com/rvaone/Requests/ViewRequestDetail?requestId=101000059947&type=new_cs180221192758&viewRole=,101000059947,Completed,"May 31, 2017 8:31 am",
https://www.rva311.com/rvaone/Requests/ViewRequestDetail?requestId=202889-101000059933&type=new_cs180301154109&viewRole=,202889-101000059933,Completed,"May 30, 2017 10:48 pm",
https://www.rva311.com/rvaone/Requests/ViewRequestDetail?requestId=202879-101000059932&type=new_cs180301154109&viewRole=,202879-101000059932,Completed,"May 30, 2017 9:50 pm",
https://www.rva311.com/rvaone/Requests/ViewRequestDetail?requestId=202878-101000059931&type=new_cs180301154109&viewRole=,202878-101000059931,Completed,"May 30, 2017 9:46 pm",
https://www.rva311.com/rvaone/Requests/ViewRequestDetail?requestId=202870-101000059930&type=new_cs180301154109&viewRole=,202870-101000059930,Completed,"May 30, 2017 9:12 pm",
https://www.rva311.com/rvaone/Requests/ViewRequestDetail?requestId=202844-101000059927&type=new_cs180301154109&viewRole=,202844-101000059927,Completed,"May 30, 2017 6:58 pm",
https://www.rva311.com/rvaone/Requests/ViewRequestDetail?requestId=202845-101000059928&type=new_cs180301154109&viewRole=,202845-101000059928,Completed,"May 30, 2017 6:58 pm",
https://www.rva311.com/rvaone/Requests/ViewRequestDetail?requestId=101000059887&type=new_cs180221192659&viewRole=,101000059887,Completed,"May 30, 2017 4:39 pm",
https://www.rva311.com/rvaone/Requests/ViewRequestDetail?requestId=202796-101000059882&type=new_cs180301154109&viewRole=,202796-101000059882,Completed,"May 30, 2017 4:30 pm",
https://www.rva311.com/rvaone/Requests/ViewRequestDetail?requestId=202794-101000059881&type=new_cs180301154109&viewRole=,202794-101000059881,Completed,"May 30, 2017 4:28 pm",
https://www.rva311.com/rvaone/Requests/ViewRequestDetail?requestId=202793-101000059880&type=new_cs180301154109&viewRole=,202793-101000059880,Completed,"May 30, 2017 4:28 pm",
https://www.rva311.com/rvaone/Requests/ViewRequestDetail?requestId=202792-101000059877&type=new_cs180301154109&viewRole=,202792-101000059877,Completed,"May 30, 2017 4:26 pm",
https://www.rva311.com/rvaone/Requests/ViewRequestDetail?requestId=202790-101000059873&type=new_cs180301154109&viewRole=,202790-101000059873,Completed,"May 30, 2017 4:22 pm",
https://www.rva311.com/rvaone/Requests/ViewRequestDetail?requestId=101000059867&type=new_cs180301154109&viewRole=,101000059867,Completed,"May 30, 2017 4:14 pm",
https://www.rva311.com/rvaone/Requests/ViewRequestDetail?requestId=101000059856&type=new_cs180221194656&viewRole=,101000059856,Assigned,"May 30, 2017 3:49 pm",
https://www.rva311.com/rvaone/Requests/ViewRequestDetail?requestId=101000059846&type=new_cs180301142929&viewRole=,101000059846,Completed,"May 30, 2017 3:35 pm",
https://www.rva311.com/rvaone/Requests/ViewRequestDetail?requestId=101000059844&type=new_cs180221194457&viewRole=,101000059844,Completed,"May 30, 2017 3:32 pm",
https://www.rva311.com/rvaone/Requests/ViewRequestDetail?requestId=101000059842&type=new_cs180301154109&viewRole=,101000059842,Completed,"May 30, 2017 3:31 pm",
https://www.rva311.com/rvaone/Requests/ViewRequestDetail?requestId=101000059845&type=new_cs180220201343&viewRole=,101000059845,Completed,"May 30, 2017 3:30 pm",
https://www.rva311.com/rvaone/Requests/ViewRequestDetail?requestId=101000059828&type=new_cs180301154109&viewRole=,101000059828,Assigned,"May 30, 2017 2:42 pm",
https://www.rva311.com/rvaone/Requests/ViewRequestDetail?requestId=202760-101000059826&type=new_cs180226204420&viewRole=,202760-101000059826,Completed,"May 30, 2017 2:40 pm",
https://www.rva311.com/rvaone/Requests/ViewRequestDetail?requestId=101000059823&type=new_cs180529151350&viewRole=,101000059823,Assigned,"May 30, 2017 2:35 pm",
https://www.rva311.com/rvaone/Requests/ViewRequestDetail?requestId=101000059820&type=new_cs180221194656&viewRole=,101000059820,Assigned,"May 30, 2017 2:28 pm",
https://www.rva311.com/rvaone/Requests/ViewRequestDetail?requestId=101000059818&type=new_cs180221194032&viewRole=,101000059818,Assigned,"May 30, 2017 2:24 pm",
https://www.rva311.com/rvaone/Requests/ViewRequestDetail?requestId=101000059816&type=new_cs180301154109&viewRole=,101000059816,Completed,"May 30, 2017 2:19 pm",
https://www.rva311.com/rvaone/Requests/ViewRequestDetail?requestId=101000059815&type=new_cs180301154109&viewRole=,101000059815,Completed,"May 30, 2017 2:17 pm",
https://www.rva311.com/rvaone/Requests/ViewRequestDetail?requestId=101000059814&type=new_cs180221194032&viewRole=,101000059814,Completed,"May 30, 2017 2:14 pm",
https://www.rva311.com/rvaone/Requests/ViewRequestDetail?requestId=202752-101000059813&type=new_cs180301154109&viewRole=,202752-101000059813,Assigned,"May 30, 2017 2:14 pm",
https://www.rva311.com/rvaone/Requests/ViewRequestDetail?requestId=202746-101000059807&type=new_cs180226204420&viewRole=,202746-101000059807,Completed,"May 30, 2017 2:06 pm",
https://www.rva311.com/rvaone/Requests/ViewRequestDetail?requestId=202747-101000059808&type=new_cs180226204420&viewRole=,202747-101000059808,Completed,"May 30, 2017 2:06 pm",
https://www.rva311.com/rvaone/Requests/ViewRequestDetail?requestId=101000059806&type=new_cs180226204420&viewRole=,101000059806,Completed,"May 30, 2017 2:05 pm",
https://www.rva311.com/rvaone/Requests/ViewRequestDetail?requestId=202743-101000059800&type=new_cs180301154109&viewRole=,202743-101000059800,Completed,"May 30, 2017 1:58 pm",
https://www.rva311.com/rvaone/Requests/ViewRequestDetail?requestId=101000059798&type=new_cs180301154109&viewRole=,101000059798,Completed,"May 30, 2017 1:57 pm",
https://www.rva311.com/rvaone/Requests/ViewRequestDetail?requestId=101000059797&type=new_cs180301154109&viewRole=,101000059797,Completed,"May 30, 2017 1:57 pm",
https://www.rva311.com/rvaone/Requests/ViewRequestDetail?requestId=101000059795&type=new_cs180221194423&viewRole=,101000059795,Completed,"May 30, 2017 1:53 pm",
https://www.rva311.com/rvaone/Requests/ViewRequestDetail?requestId=101000059788&type=new_cs180221194656&viewRole=,101000059788,Completed,"May 30, 2017 1:45 pm",
https://www.rva311.com/rvaone/Requests/ViewRequestDetail?requestId=101000059787&type=new_cs180221194656&viewRole=,101000059787,Assigned,"May 30, 2017 1:44 pm",
https://www.rva311.com/rvaone/Requests/ViewRequestDetail?requestId=101000059786&type=new_cs180301154109&viewRole=,101000059786,Completed,"May 30, 2017 1:41 pm",
https://www.rva311.com/rvaone/Requests/ViewRequestDetail?requestId=101000059773&type=new_cs180301142929&viewRole=,101000059773,Completed,"May 30, 2017 1:29 pm",
https://www.rva311.com/rvaone/Requests/ViewRequestDetail?requestId=101000059774&type=new_cs180221194656&viewRole=,101000059774,Assigned,"May 30, 2017 1:29 pm",
https://www.rva311.com/rvaone/Requests/ViewRequestDetail?requestId=101000059771&type=new_cs180301154109&viewRole=,101000059771,Completed,"May 30, 2017 1:26 pm",
https://www.rva311.com/rvaone/Requests/ViewRequestDetail?requestId=101000059767&type=new_cs180221194656&viewRole=,101000059767,Assigned,"May 30, 2017 1:18 pm",
https://www.rva311.com/rvaone/Requests/ViewRequestDetail?requestId=101000059765&type=new_cs180301154109&viewRole=,101000059765,Completed,"May 30, 2017 1:17 pm",
https://www.rva311.com/rvaone/Requests/ViewRequestDetail?requestId=101000059760&type=new_cs180221194656&viewRole=,101000059760,Assigned,"May 30, 2017 1:13 pm",
https://www.rva311.com/rvaone/Requests/ViewRequestDetail?requestId=101000059753&type=new_cs180221194032&viewRole=,101000059753,Assigned,"May 30, 2017 1:06 pm",
https://www.rva311.com/rvaone/Requests/ViewRequestDetail?requestId=101000059745&type=new_cs180221194032&viewRole=,101000059745,Completed,"May 30, 2017 12:53 pm",
https://www.rva311.com/rvaone/Requests/ViewRequestDetail?requestId=101000059744&type=new_cs180221192659&viewRole=,101000059744,Completed,"May 30, 2017 12:51 pm",
https://www.rva311.com/rvaone/Requests/ViewRequestDetail?requestId=101000059735&type=new_cs180221194656&viewRole=,101000059735,Assigned,"May 30, 2017 12:23 pm",
https://www.rva311.com/rvaone/Requests/ViewRequestDetail?requestId=101000059734&type=new_cs180301154109&viewRole=,101000059734,Assigned,"May 30, 2017 12:20 pm",
https://www.rva311.com/rvaone/Requests/ViewRequestDetail?requestId=101000059732&type=new_cs180228155543&viewRole=,101000059732,Completed,"May 30, 2017 12:19 pm",
https://www.rva311.com/rvaone/Requests/ViewRequestDetail?requestId=101000059731&type=new_cs180221194423&viewRole=,101000059731,Completed,"May 30, 2017 12:18 pm",
https://www.rva311.com/rvaone/Requests/ViewRequestDetail?requestId=101000059729&type=new_cs180221191708&viewRole=,101000059729,Completed,"May 30, 2017 12:14 pm",
https://www.rva311.com/rvaone/Requests/ViewRequestDetail?requestId=101000059726&type=new_cs180221194656&viewRole=,101000059726,Assigned,"May 30, 2017 12:10 pm",
https://www.rva311.com/rvaone/Requests/ViewRequestDetail?requestId=101000059724&type=new_cs180301142929&viewRole=,101000059724,Completed,"May 30, 2017 12:08 pm",
https://www.rva311.com/rvaone/Requests/ViewRequestDetail?requestId=101000059720&type=new_cs180301154109&viewRole=,101000059720,Assigned,"May 30, 2017 12:05 pm",
https://www.rva311.com/rvaone/Requests/ViewRequestDetail?requestId=101000059719&type=new_cs180301142929&viewRole=,101000059719,Completed,"May 30, 2017 12:04 pm",
https://www.rva311.com/rvaone/Requests/ViewRequestDetail?requestId=101000059712&type=new_cs180221194656&viewRole=,101000059712,Assigned,"May 30, 2017 11:56 am",
https://www.rva311.com/rvaone/Requests/ViewRequestDetail?requestId=101000059711&type=new_cs180221194656&viewRole=,101000059711,Assigned,"May 30, 2017 11:54 am",
https://www.rva311.com/rvaone/Requests/ViewRequestDetail?requestId=101000059713&type=new_cs180228212904&viewRole=,101000059713,Assigned,"May 30, 2017 11:53 am",
https://www.rva311.com/rvaone/Requests/ViewRequestDetail?requestId=101000059705&type=new_cs180301154109&viewRole=,101000059705,Completed,"May 30, 2017 11:47 am",
https://www.rva311.com/rvaone/Requests/ViewRequestDetail?requestId=202702-101000059698&type=new_cs180301154109&viewRole=,202702-101000059698,Completed,"May 30, 2017 11:42 am",
https://www.rva311.com/rvaone/Requests/ViewRequestDetail?requestId=101000059694&type=new_cs180221194423&viewRole=,101000059694,Completed,"May 30, 2017 11:40 am",
https://www.rva311.com/rvaone/Requests/ViewRequestDetail?requestId=101000059696&type=new_cs180301154109&viewRole=,101000059696,Completed,"May 30, 2017 11:40 am",
https://www.rva311.com/rvaone/Requests/ViewRequestDetail?requestId=101000059687&type=new_cs180301142929&viewRole=,101000059687,Completed,"May 30, 2017 11:31 am",
https://www.rva311.com/rvaone/Requests/ViewRequestDetail?requestId=101000059686&type=new_cs180301142929&viewRole=,101000059686,Completed,"May 30, 2017 11:29 am",
https://www.rva311.com/rvaone/Requests/ViewRequestDetail?requestId=101000059684&type=new_cs180221191046&viewRole=,101000059684,Completed,"May 30, 2017 11:27 am",
https://www.rva311.com/rvaone/Requests/ViewRequestDetail?requestId=101000059681&type=new_cs180301142929&viewRole=,101000059681,Completed,"May 30, 2017 11:26 am",
https://www.rva311.com/rvaone/Requests/ViewRequestDetail?requestId=101000059678&type=new_cs180301153010&viewRole=,101000059678,Completed,"May 30, 2017 11:23 am",
https://www.rva311.com/rvaone/Requests/ViewRequestDetail?requestId=101000059674&type=new_cs180221194656&viewRole=,101000059674,Assigned,"May 30, 2017 11:20 am",
https://www.rva311.com/rvaone/Requests/ViewRequestDetail?requestId=101000059673&type=new_cs180221194656&viewRole=,101000059673,Assigned,"May 30, 2017 11:18 am",
https://www.rva311.com/rvaone/Requests/ViewRequestDetail?requestId=101000059669&type=new_cs180301142929&viewRole=,101000059669,Completed,"May 30, 2017 11:16 am",
https://www.rva311.com/rvaone/Requests/ViewRequestDetail?requestId=101000059668&type=new_cs180529151350&viewRole=,101000059668,Assigned,"May 30, 2017 11:14 am",
https://www.rva311.com/rvaone/Requests/ViewRequestDetail?requestId=101000059666&type=new_cs180301154109&viewRole=,101000059666,Completed,"May 30, 2017 11:12 am",
https://www.rva311.com/rvaone/Requests/ViewRequestDetail?requestId=101000059665&type=new_cs180301142929&viewRole=,101000059665,Completed,"May 30, 2017 11:12 am",
https://www.rva311.com/rvaone/Requests/ViewRequestDetail?requestId=101000059664&type=new_cs180221194423&viewRole=,101000059664,Assigned,"May 30, 2017 11:10 am",
https://www.rva311.com/rvaone/Requests/ViewRequestDetail?requestId=101000059661&type=new_cs180221194423&viewRole=,101000059661,Assigned,"May 30, 2017 11:08 am",
https://www.rva311.com/rvaone/Requests/ViewRequestDetail?requestId=101000059657&type=new_cs180301142929&viewRole=,101000059657,Completed,"May 30, 2017 11:04 am",
https://www.rva311.com/rvaone/Requests/ViewRequestDetail?requestId=101000059654&type=new_cs180529151350&viewRole=,101000059654,Assigned,"May 30, 2017 11:02 am",
https://www.rva311.com/rvaone/Requests/ViewRequestDetail?requestId=101000059653&type=new_cs180221194032&viewRole=,101000059653,Assigned,"May 30, 2017 10:59 am",
https://www.rva311.com/rvaone/Requests/ViewRequestDetail?requestId=101000059652&type=new_cs180301154109&viewRole=,101000059652,Completed,"May 30, 2017 10:58 am",
https://www.rva311.com/rvaone/Requests/ViewRequestDetail?requestId=101000059651&type=new_cs180301142929&viewRole=,101000059651,Completed,"May 30, 2017 10:57 am",
https://www.rva311.com/rvaone/Requests/ViewRequestDetail?requestId=101000059647&type=new_cs180301154109&viewRole=,101000059647,Completed,"May 30, 2017 10:55 am",
https://www.rva311.com/rvaone/Requests/ViewRequestDetail?requestId=101000059644&type=new_cs180301142929&viewRole=,101000059644,Completed,"May 30, 2017 10:51 am",
https://www.rva311.com/rvaone/Requests/ViewRequestDetail?requestId=101000059642&type=new_cs180301154109&viewRole=,101000059642,Assigned,"May 30, 2017 10:50 am",
https://www.rva311.com/rvaone/Requests/ViewRequestDetail?requestId=101000059639&type=new_cs180221194457&viewRole=,101000059639,Completed,"May 30, 2017 10:46 am",
https://www.rva311.com/rvaone/Requests/ViewRequestDetail?requestId=101000059638&type=new_cs180221194457&viewRole=,101000059638,Completed,"May 30, 2017 10:44 am",
https://www.rva311.com/rvaone/Requests/ViewRequestDetail?requestId=101000059637&type=new_cs180228155543&viewRole=,101000059637,Completed,"May 30, 2017 10:43 am",
https://www.rva311.com/rvaone/Requests/ViewRequestDetail?requestId=101000059635&type=new_cs180301154109&viewRole=,101000059635,Assigned,"May 30, 2017 10:43 am",
https://www.rva311.com/rvaone/Requests/ViewRequestDetail?requestId=101000059634&type=new_cs180221194656&viewRole=,101000059634,Assigned,"May 30, 2017 10:40 am",
https://www.rva311.com/rvaone/Requests/ViewRequestDetail?requestId=101000059627&type=new_cs180301142929&viewRole=,101000059627,Completed,"May 30, 2017 10:25 am",
https://www.rva311.com/rvaone/Requests/ViewRequestDetail?requestId=202645-101000059625&type=new_cs180301154109&viewRole=,202645-101000059625,Assigned,"May 30, 2017 10:18 am",
https://www.rva311.com/rvaone/Requests/ViewRequestDetail?requestId=101000059616&type=new_cs180301154109&viewRole=,101000059616,Completed,"May 30, 2017 10:07 am",
https://www.rva311.com/rvaone/Requests/ViewRequestDetail?requestId=101000059615&type=new_cs180301154109&viewRole=,101000059615,Completed,"May 30, 2017 10:05 am",
https://www.rva311.com/rvaone/Requests/ViewRequestDetail?requestId=101000059609&type=new_cs180221194656&viewRole=,101000059609,Assigned,"May 30, 2017 9:56 am",
https://www.rva311.com/rvaone/Requests/ViewRequestDetail?requestId=202628-101000059591&type=new_cs180301154109&viewRole=,202628-101000059591,Completed,"May 30, 2017 9:30 am",
https://www.rva311.com/rvaone/Requests/ViewRequestDetail?requestId=101000059589&type=new_cs180301154109&viewRole=,101000059589,Assigned,"May 30, 2017 9:26 am",
https://www.rva311.com/rvaone/Requests/ViewRequestDetail?requestId=202621-101000059580&type=new_cs180226204420&viewRole=,202621-101000059580,Completed,"May 30, 2017 9:20 am",
https://www.rva311.com/rvaone/Requests/ViewRequestDetail?requestId=202622-101000059582&type=new_cs180301154109&viewRole=,202622-101000059582,Completed,"May 30, 2017 9:20 am",
https://www.rva311.com/rvaone/Requests/ViewRequestDetail?requestId=202619-101000059578&type=new_cs180301154109&viewRole=,202619-101000059578,Completed,"May 30, 2017 9:20 am",
https://www.rva311.com/rvaone/Requests/ViewRequestDetail?requestId=101000059576&type=new_cs180221194656&viewRole=,101000059576,Assigned,"May 30, 2017 9:19 am",
https://www.rva311.com/rvaone/Requests/ViewRequestDetail?requestId=101000059575&type=new_cs180221194656&viewRole=,101000059575,Completed,"May 30, 2017 9:18 am",
https://www.rva311.com/rvaone/Requests/ViewRequestDetail?requestId=101000059571&type=new_cs180301154109&viewRole=,101000059571,Completed,"May 30, 2017 9:10 am",
https://www.rva311.com/rvaone/Requests/ViewRequestDetail?requestId=101000059569&type=new_cs180221194656&viewRole=,101000059569,Assigned,"May 30, 2017 9:06 am",
https://www.rva311.com/rvaone/Requests/ViewRequestDetail?requestId=202613-101000059563&type=new_cs180301154109&viewRole=,202613-101000059563,Completed,"May 30, 2017 9:00 am",
https://www.rva311.com/rvaone/Requests/ViewRequestDetail?requestId=202611-101000059560&type=new_cs180301154109&viewRole=,202611-101000059560,Completed,"May 30, 2017 8:56 am",
https://www.rva311.com/rvaone/Requests/ViewRequestDetail?requestId=101000059559&type=new_cs180221194656&viewRole=,101000059559,Assigned,"May 30, 2017 8:56 am",
https://www.rva311.com/rvaone/Requests/ViewRequestDetail?requestId=101000059554&type=new_cs180301154109&viewRole=,101000059554,Completed,"May 30, 2017 8:50 am",
https://www.rva311.com/rvaone/Requests/ViewRequestDetail?requestId=101000059551&type=new_cs180301154109&viewRole=,101000059551,Assigned,"May 30, 2017 8:47 am",
https://www.rva311.com/rvaone/Requests/ViewRequestDetail?requestId=101000059550&type=new_cs180221194423&viewRole=,101000059550,Completed,"May 30, 2017 8:46 am",
https://www.rva311.com/rvaone/Requests/ViewRequestDetail?requestId=101000059544&type=new_cs180221194656&viewRole=,101000059544,Assigned,"May 30, 2017 8:39 am",
https://www.rva311.com/rvaone/Requests/ViewRequestDetail?requestId=101000059539&type=new_cs180301142929&viewRole=,101000059539,Completed,"May 30, 2017 8:16 am",
https://www.rva311.com/rvaone/Requests/ViewRequestDetail?requestId=101000059534&type=new_cs180301154109&viewRole=,101000059534,Completed,"May 30, 2017 8:03 am",
https://www.rva311.com/rvaone/Requests/ViewRequestDetail?requestId=202565-101000059520&type=new_cs180301154109&viewRole=,202565-101000059520,Completed,"May 30, 2017 6:26 am",
https://www.rva311.com/rvaone/Requests/ViewRequestDetail?requestId=202537-101000059516&type=new_cs180301154109&viewRole=,202537-101000059516,Completed,"May 29, 2017 10:08 pm",
https://www.rva311.com/rvaone/Requests/ViewRequestDetail?requestId=202530-101000059514&type=new_cs180301154109&viewRole=,202530-101000059514,Completed,"May 29, 2017 9:28 pm",
https://www.rva311.com/rvaone/Requests/ViewRequestDetail?requestId=202521-101000059511&type=new_cs180301154109&viewRole=,202521-101000059511,Completed,"May 29, 2017 8:30 pm",
https://www.rva311.com/rvaone/Requests/ViewRequestDetail?requestId=202504-101000059507&type=new_cs180301154109&viewRole=,202504-101000059507,Completed,"May 29, 2017 7:14 pm",
https://www.rva311.com/rvaone/Requests/ViewRequestDetail?requestId=202479-101000059506&type=new_cs180301154109&viewRole=,202479-101000059506,Completed,"May 29, 2017 5:16 pm",
https://www.rva311.com/rvaone/Requests/ViewRequestDetail?requestId=202412-101000059488&type=new_cs180301154109&viewRole=,202412-101000059488,Completed,"May 29, 2017 1:30 pm",
https://www.rva311.com/rvaone/Requests/ViewRequestDetail?requestId=202379-101000059482&type=new_cs180301154109&viewRole=,202379-101000059482,Completed,"May 29, 2017 11:14 am",
https://www.rva311.com/rvaone/Requests/ViewRequestDetail?requestId=202330-101000059468&type=new_cs180301154109&viewRole=,202330-101000059468,Completed,"May 28, 2017 11:00 pm",
https://www.rva311.com/rvaone/Requests/ViewRequestDetail?requestId=202298-101000059465&type=new_cs180301154109&viewRole=,202298-101000059465,Completed,"May 28, 2017 6:34 pm",
https://www.rva311.com/rvaone/Requests/ViewRequestDetail?requestId=202292-101000059462&type=new_cs180301154109&viewRole=,202292-101000059462,Completed,"May 28, 2017 6:16 pm",
https://www.rva311.com/rvaone/Requests/ViewRequestDetail?requestId=202284-101000059460&type=new_cs180301154109&viewRole=,202284-101000059460,Completed,"May 28, 2017 6:00 pm",
https://www.rva311.com/rvaone/Requests/ViewRequestDetail?requestId=202257-101000059458&type=new_cs180301154109&viewRole=,202257-101000059458,Completed,"May 28, 2017 4:24 pm",
https://www.rva311.com/rvaone/Requests/ViewRequestDetail?requestId=202256-101000059457&type=new_cs180226204420&viewRole=,202256-101000059457,Completed,"May 28, 2017 4:14 pm",
https://www.rva311.com/rvaone/Requests/ViewRequestDetail?requestId=202211-101000059449&type=new_cs180221194251&viewRole=,202211-101000059449,Completed,"May 28, 2017 11:40 am",
https://www.rva311.com/rvaone/Requests/ViewRequestDetail?requestId=202107-101000059432&type=new_cs180301154109&viewRole=,202107-101000059432,Assigned,"May 27, 2017 4:12 pm",
https://www.rva311.com/rvaone/Requests/ViewRequestDetail?requestId=202098-101000059430&type=new_cs180221194251&viewRole=,202098-101000059430,Assigned,"May 27, 2017 3:36 pm",
https://www.rva311.com/rvaone/Requests/ViewRequestDetail?requestId=202052-101000059416&type=new_cs180301154109&viewRole=,202052-101000059416,Completed,"May 27, 2017 12:38 pm",
https://www.rva311.com/rvaone/Requests/ViewRequestDetail?requestId=202011-101000059408&type=new_cs180301154109&viewRole=,202011-101000059408,Completed,"May 26, 2017 9:14 pm",
https://www.rva311.com/rvaone/Requests/ViewRequestDetail?requestId=201975-101000059402&type=new_cs180301154109&viewRole=,201975-101000059402,Completed,"May 26, 2017 6:28 pm",
https://www.rva311.com/rvaone/Requests/ViewRequestDetail?requestId=101000059398&type=new_cs180221194656&viewRole=,101000059398,Assigned,"May 26, 2017 5:13 pm",
https://www.rva311.com/rvaone/Requests/ViewRequestDetail?requestId=101000059395&type=new_cs180301154109&viewRole=,101000059395,Completed,"May 26, 2017 5:08 pm",
https://www.rva311.com/rvaone/Requests/ViewRequestDetail?requestId=101000059386&type=new_cs180301154109&viewRole=,101000059386,Completed,"May 26, 2017 4:40 pm",
https://www.rva311.com/rvaone/Requests/ViewRequestDetail?requestId=101000059384&type=new_cs180220201343&viewRole=,101000059384,Completed,"May 26, 2017 4:27 pm",
https://www.rva311.com/rvaone/Requests/ViewRequestDetail?requestId=101000059380&type=new_cs180301154109&viewRole=,101000059380,Assigned,"May 26, 2017 4:23 pm",
https://www.rva311.com/rvaone/Requests/ViewRequestDetail?requestId=101000059377&type=new_cs180221194656&viewRole=,101000059377,Assigned,"May 26, 2017 4:18 pm",
https://www.rva311.com/rvaone/Requests/ViewRequestDetail?requestId=101000059375&type=new_cs180301154109&viewRole=,101000059375,Assigned,"May 26, 2017 4:13 pm",
https://www.rva311.com/rvaone/Requests/ViewRequestDetail?requestId=101000059367&type=new_cs180221194656&viewRole=,101000059367,Completed,"May 26, 2017 3:41 pm",
https://www.rva311.com/rvaone/Requests/ViewRequestDetail?requestId=101000059366&type=new_cs180301154109&viewRole=,101000059366,Assigned,"May 26, 2017 3:39 pm",
https://www.rva311.com/rvaone/Requests/ViewRequestDetail?requestId=101000059356&type=new_cs180301154109&viewRole=,101000059356,Completed,"May 26, 2017 3:24 pm",
https://www.rva311.com/rvaone/Requests/ViewRequestDetail?requestId=101000059324&type=new_cs180301154109&viewRole=,101000059324,Assigned,"May 26, 2017 1:48 pm",
https://www.rva311.com/rvaone/Requests/ViewRequestDetail?requestId=101000059321&type=new_cs180301154109&viewRole=,101000059321,Completed,"May 26, 2017 1:46 pm",
https://www.rva311.com/rvaone/Requests/ViewRequestDetail?requestId=101000059320&type=new_cs180301154109&viewRole=,101000059320,Assigned,"May 26, 2017 1:43 pm",
https://www.rva311.com/rvaone/Requests/ViewRequestDetail?requestId=101000059317&type=new_cs180301154109&viewRole=,101000059317,Completed,"May 26, 2017 1:37 pm",
https://www.rva311.com/rvaone/Requests/ViewRequestDetail?requestId=101000059315&type=new_cs180221194656&viewRole=,101000059315,Completed,"May 26, 2017 1:33 pm",
https://www.rva311.com/rvaone/Requests/ViewRequestDetail?requestId=101000059312&type=new_cs180221194423&viewRole=,101000059312,Completed,"May 26, 2017 1:32 pm",
https://www.rva311.com/rvaone/Requests/ViewRequestDetail?requestId=101000059314&type=new_cs180221194251&viewRole=,101000059314,Completed,"May 26, 2017 1:32 pm",
https://www.rva311.com/rvaone/Requests/ViewRequestDetail?requestId=101000059310&type=new_cs180221194423&viewRole=,101000059310,Completed,"May 26, 2017 1:30 pm",
https://www.rva311.com/rvaone/Requests/ViewRequestDetail?requestId=101000059302&type=new_cs180221194457&viewRole=,101000059302,Completed,"May 26, 2017 1:18 pm",
https://www.rva311.com/rvaone/Requests/ViewRequestDetail?requestId=101000059297&type=new_cs180301154109&viewRole=,101000059297,Completed,"May 26, 2017 1:13 pm",
https://www.rva311.com/rvaone/Requests/ViewRequestDetail?requestId=201891-101000059296&type=new_cs180301154109&viewRole=,201891-101000059296,Completed,"May 26, 2017 1:10 pm",
https://www.rva311.com/rvaone/Requests/ViewRequestDetail?requestId=201885-101000059289&type=new_cs180301154109&viewRole=,201885-101000059289,Completed,"May 26, 2017 12:40 pm",
https://www.rva311.com/rvaone/Requests/ViewRequestDetail?requestId=201883-101000059287&type=new_cs180301154109&viewRole=,201883-101000059287,Completed,"May 26, 2017 12:38 pm",
https://www.rva311.com/rvaone/Requests/ViewRequestDetail?requestId=201882-101000059286&type=new_cs180301154109&viewRole=,201882-101000059286,Completed,"May 26, 2017 12:36 pm",
https://www.rva311.com/rvaone/Requests/ViewRequestDetail?requestId=201881-101000059285&type=new_cs180301154109&viewRole=,201881-101000059285,Completed,"May 26, 2017 12:34 pm",
https://www.rva311.com/rvaone/Requests/ViewRequestDetail?requestId=201879-101000059284&type=new_cs180301154109&viewRole=,201879-101000059284,Completed,"May 26, 2017 12:32 pm",
https://www.rva311.com/rvaone/Requests/ViewRequestDetail?requestId=201880-101000059283&type=new_cs180301154109&viewRole=,201880-101000059283,Completed,"May 26, 2017 12:32 pm",
https://www.rva311.com/rvaone/Requests/ViewRequestDetail?requestId=101000059277&type=new_cs180301154109&viewRole=,101000059277,Completed,"May 26, 2017 12:02 pm",
https://www.rva311.com/rvaone/Requests/ViewRequestDetail?requestId=101000059274&type=new_cs180221194656&viewRole=,101000059274,Assigned,"May 26, 2017 11:55 am",
https://www.rva311.com/rvaone/Requests/ViewRequestDetail?requestId=101000059270&type=new_cs180221194656&viewRole=,101000059270,Assigned,"May 26, 2017 11:53 am",
https://www.rva311.com/rvaone/Requests/ViewRequestDetail?requestId=101000059268&type=new_cs180221194656&viewRole=,101000059268,Assigned,"May 26, 2017 11:44 am",
https://www.rva311.com/rvaone/Requests/ViewRequestDetail?requestId=101000059265&type=new_cs180221194423&viewRole=,101000059265,Completed,"May 26, 2017 11:38 am",
https://www.rva311.com/rvaone/Requests/ViewRequestDetail?requestId=101000059264&type=new_cs180221194457&viewRole=,101000059264,Completed,"May 26, 2017 11:36 am",
https://www.rva311.com/rvaone/Requests/ViewRequestDetail?requestId=201858-101000059262&type=new_cs180301154109&viewRole=,201858-101000059262,Completed,"May 26, 2017 11:30 am",
https://www.rva311.com/rvaone/Requests/ViewRequestDetail?requestId=101000059259&type=new_cs180221194457&viewRole=,101000059259,Completed,"May 26, 2017 11:29 am",
https://www.rva311.com/rvaone/Requests/ViewRequestDetail?requestId=101000059258&type=new_cs180301142929&viewRole=,101000059258,Completed,"May 26, 2017 11:28 am",
https://www.rva311.com/rvaone/Requests/ViewRequestDetail?requestId=101000059255&type=new_cs180221194656&viewRole=,101000059255,Assigned,"May 26, 2017 11:25 am",
https://www.rva311.com/rvaone/Requests/ViewRequestDetail?requestId=101000059242&type=new_cs180301154109&viewRole=,101000059242,Completed,"May 26, 2017 11:06 am",
https://www.rva311.com/rvaone/Requests/ViewRequestDetail?requestId=101000059241&type=new_cs180301154109&viewRole=,101000059241,Completed,"May 26, 2017 11:05 am",
https://www.rva311.com/rvaone/Requests/ViewRequestDetail?requestId=101000059233&type=new_cs180301154109&viewRole=,101000059233,Completed,"May 26, 2017 10:52 am",
https://www.rva311.com/rvaone/Requests/ViewRequestDetail?requestId=101000059231&type=new_cs180221194656&viewRole=,101000059231,Assigned,"May 26, 2017 10:48 am",
https://www.rva311.com/rvaone/Requests/ViewRequestDetail?requestId=101000059228&type=new_cs180221194656&viewRole=,101000059228,Completed,"May 26, 2017 10:47 am",
https://www.rva311.com/rvaone/Requests/ViewRequestDetail?requestId=101000059226&type=new_cs180301154109&viewRole=,101000059226,Completed,"May 26, 2017 10:42 am",
https://www.rva311.com/rvaone/Requests/ViewRequestDetail?requestId=101000059225&type=new_cs180301154109&viewRole=,101000059225,Completed,"May 26, 2017 10:40 am",
https://www.rva311.com/rvaone/Requests/ViewRequestDetail?requestId=101000059212&type=new_cs180221194032&viewRole=,101000059212,Assigned,"May 26, 2017 10:14 am",
https://www.rva311.com/rvaone/Requests/ViewRequestDetail?requestId=101000059205&type=new_cs180226204420&viewRole=,101000059205,Completed,"May 26, 2017 10:04 am",
https://www.rva311.com/rvaone/Requests/ViewRequestDetail?requestId=101000059204&type=new_cs180301154109&viewRole=,101000059204,Assigned,"May 26, 2017 10:03 am",
https://www.rva311.com/rvaone/Requests/ViewRequestDetail?requestId=101000059201&type=new_cs180301154109&viewRole=,101000059201,Assigned,"May 26, 2017 10:01 am",
https://www.rva311.com/rvaone/Requests/ViewRequestDetail?requestId=101000059196&type=new_cs180221194656&viewRole=,101000059196,Assigned,"May 26, 2017 9:52 am",
https://www.rva311.com/rvaone/Requests/ViewRequestDetail?requestId=101000059188&type=new_cs180301142929&viewRole=,101000059188,Completed,"May 26, 2017 9:42 am",
https://www.rva311.com/rvaone/Requests/ViewRequestDetail?requestId=101000059185&type=new_cs180221194032&viewRole=,101000059185,Assigned,"May 26, 2017 9:34 am",
https://www.rva311.com/rvaone/Requests/ViewRequestDetail?requestId=101000059181&type=new_cs180301154109&viewRole=,101000059181,Completed,"May 26, 2017 9:20 am",
https://www.rva311.com/rvaone/Requests/ViewRequestDetail?requestId=101000059178&type=new_cs180221194251&viewRole=,101000059178,Completed,"May 26, 2017 9:18 am",
https://www.rva311.com/rvaone/Requests/ViewRequestDetail?requestId=101000059176&type=new_cs180301154109&viewRole=,101000059176,Assigned,"May 26, 2017 9:13 am",
https://www.rva311.com/rvaone/Requests/ViewRequestDetail?requestId=101000059175&type=new_cs180221194656&viewRole=,101000059175,Completed,"May 26, 2017 9:12 am",
https://www.rva311.com/rvaone/Requests/ViewRequestDetail?requestId=101000059173&type=new_cs180221194251&viewRole=,101000059173,Completed,"May 26, 2017 9:10 am",
https://www.rva311.com/rvaone/Requests/ViewRequestDetail?requestId=101000059171&type=new_cs180221190731&viewRole=,101000059171,Completed,"May 26, 2017 9:09 am",
https://www.rva311.com/rvaone/Requests/ViewRequestDetail?requestId=101000059169&type=new_cs180301154109&viewRole=,101000059169,Completed,"May 26, 2017 9:08 am",
https://www.rva311.com/rvaone/Requests/ViewRequestDetail?requestId=101000059168&type=new_cs180221194457&viewRole=,101000059168,Completed,"May 26, 2017 9:07 am",
https://www.rva311.com/rvaone/Requests/ViewRequestDetail?requestId=101000059165&type=new_cs180301154109&viewRole=,101000059165,Completed,"May 26, 2017 9:04 am",
https://www.rva311.com/rvaone/Requests/ViewRequestDetail?requestId=101000059161&type=new_cs180301154109&viewRole=,101000059161,Completed,"May 26, 2017 9:03 am",
https://www.rva311.com/rvaone/Requests/ViewRequestDetail?requestId=101000059158&type=new_cs180301154109&viewRole=,101000059158,Assigned,"May 26, 2017 9:01 am",
https://www.rva311.com/rvaone/Requests/ViewRequestDetail?requestId=101000059156&type=new_cs180301154109&viewRole=,101000059156,Assigned,"May 26, 2017 8:59 am",
https://www.rva311.com/rvaone/Requests/ViewRequestDetail?requestId=101000059153&type=new_cs180301154109&viewRole=,101000059153,Assigned,"May 26, 2017 8:58 am",
https://www.rva311.com/rvaone/Requests/ViewRequestDetail?requestId=101000059152&type=new_cs180301154109&viewRole=,101000059152,Completed,"May 26, 2017 8:56 am",
https://www.rva311.com/rvaone/Requests/ViewRequestDetail?requestId=101000059151&type=new_cs180301154109&viewRole=,101000059151,Completed,"May 26, 2017 8:54 am",
https://www.rva311.com/rvaone/Requests/ViewRequestDetail?requestId=101000059150&type=new_cs180221194656&viewRole=,101000059150,Assigned,"May 26, 2017 8:53 am",
https://www.rva311.com/rvaone/Requests/ViewRequestDetail?requestId=101000059148&type=new_cs180301154109&viewRole=,101000059148,Completed,"May 26, 2017 8:51 am",
https://www.rva311.com/rvaone/Requests/ViewRequestDetail?requestId=101000059136&type=new_cs180301154109&viewRole=,101000059136,Completed,"May 26, 2017 8:34 am",
https://www.rva311.com/rvaone/Requests/ViewRequestDetail?requestId=101000059135&type=new_cs180221194656&viewRole=,101000059135,Assigned,"May 26, 2017 8:33 am",
https://www.rva311.com/rvaone/Requests/ViewRequestDetail?requestId=101000059128&type=new_cs180301154109&viewRole=,101000059128,Completed,"May 26, 2017 8:03 am",
https://www.rva311.com/rvaone/Requests/ViewRequestDetail?requestId=201783-101000059126&type=new_cs180226204420&viewRole=,201783-101000059126,Completed,"May 25, 2017 10:38 pm",
https://www.rva311.com/rvaone/Requests/ViewRequestDetail?requestId=201784-101000059125&type=new_cs180226204420&viewRole=,201784-101000059125,Completed,"May 25, 2017 10:38 pm",
https://www.rva311.com/rvaone/Requests/ViewRequestDetail?requestId=201780-101000059123&type=new_cs180226204420&viewRole=,201780-101000059123,Completed,"May 25, 2017 10:36 pm",
https://www.rva311.com/rvaone/Requests/ViewRequestDetail?requestId=201781-101000059124&type=new_cs180226204420&viewRole=,201781-101000059124,Completed,"May 25, 2017 10:36 pm",
https://www.rva311.com/rvaone/Requests/ViewRequestDetail?requestId=201754-101000059121&type=new_cs180226204420&viewRole=,201754-101000059121,Completed,"May 25, 2017 9:06 pm",
https://www.rva311.com/rvaone/Requests/ViewRequestDetail?requestId=201709-101000059114&type=new_cs180301154109&viewRole=,201709-101000059114,Completed,"May 25, 2017 6:12 pm",
https://www.rva311.com/rvaone/Requests/ViewRequestDetail?requestId=201705-101000059112&type=new_cs180301154109&viewRole=,201705-101000059112,Completed,"May 25, 2017 5:48 pm",
https://www.rva311.com/rvaone/Requests/ViewRequestDetail?requestId=101000059111&type=new_cs180221194032&viewRole=,101000059111,Assigned,"May 25, 2017 5:33 pm",
https://www.rva311.com/rvaone/Requests/ViewRequestDetail?requestId=101000059107&type=new_cs180221192758&viewRole=,101000059107,Completed,"May 25, 2017 5:10 pm",
https://www.rva311.com/rvaone/Requests/ViewRequestDetail?requestId=101000059104&type=new_cs180301142929&viewRole=,101000059104,Completed,"May 25, 2017 5:07 pm",
https://www.rva311.com/rvaone/Requests/ViewRequestDetail?requestId=101000059102&type=new_cs180301154109&viewRole=,101000059102,Completed,"May 25, 2017 4:59 pm",
https://www.rva311.com/rvaone/Requests/ViewRequestDetail?requestId=101000059101&type=new_cs180301142929&viewRole=,101000059101,Completed,"May 25, 2017 4:58 pm",
https://www.rva311.com/rvaone/Requests/ViewRequestDetail?requestId=101000059099&type=new_cs180221194032&viewRole=,101000059099,Assigned,"May 25, 2017 4:55 pm",
https://www.rva311.com/rvaone/Requests/ViewRequestDetail?requestId=101000059083&type=new_cs180301142929&viewRole=,101000059083,Completed,"May 25, 2017 4:02 pm",
https://www.rva311.com/rvaone/Requests/ViewRequestDetail?requestId=101000059078&type=new_cs180221194423&viewRole=,101000059078,Completed,"May 25, 2017 3:52 pm",
https://www.rva311.com/rvaone/Requests/ViewRequestDetail?requestId=101000059075&type=new_cs180301154109&viewRole=,101000059075,Assigned,"May 25, 2017 3:48 pm",
https://www.rva311.com/rvaone/Requests/ViewRequestDetail?requestId=101000059073&type=new_cs180221194423&viewRole=,101000059073,Assigned,"May 25, 2017 3:44 pm",
https://www.rva311.com/rvaone/Requests/ViewRequestDetail?requestId=101000059071&type=new_cs180221194032&viewRole=,101000059071,Assigned,"May 25, 2017 3:36 pm",
https://www.rva311.com/rvaone/Requests/ViewRequestDetail?requestId=101000059068&type=new_cs180221194656&viewRole=,101000059068,Assigned,"May 25, 2017 3:26 pm",
https://www.rva311.com/rvaone/Requests/ViewRequestDetail?requestId=201667-101000059064&type=new_cs180221194251&viewRole=,201667-101000059064,Completed,"May 25, 2017 3:18 pm",
https://www.rva311.com/rvaone/Requests/ViewRequestDetail?requestId=101000059063&type=new_cs180221194656&viewRole=,101000059063,Assigned,"May 25, 2017 3:12 pm",
https://www.rva311.com/rvaone/Requests/ViewRequestDetail?requestId=101000059059&type=new_cs180301154109&viewRole=,101000059059,Assigned,"May 25, 2017 3:02 pm",
https://www.rva311.com/rvaone/Requests/ViewRequestDetail?requestId=101000059056&type=new_cs180301154109&viewRole=,101000059056,Completed,"May 25, 2017 2:58 pm",
https://www.rva311.com/rvaone/Requests/ViewRequestDetail?requestId=201654-101000059044&type=new_cs180301154109&viewRole=,201654-101000059044,Assigned,"May 25, 2017 2:20 pm",
https://www.rva311.com/rvaone/Requests/ViewRequestDetail?requestId=101000059043&type=new_cs180301154109&viewRole=,101000059043,Completed,"May 25, 2017 2:19 pm",
https://www.rva311.com/rvaone/Requests/ViewRequestDetail?requestId=201653-101000059041&type=new_cs180301154109&viewRole=,201653-101000059041,Completed,"May 25, 2017 2:14 pm",
https://www.rva311.com/rvaone/Requests/ViewRequestDetail?requestId=101000059037&type=new_cs180301154109&viewRole=,101000059037,Completed,"May 25, 2017 2:07 pm",
https://www.rva311.com/rvaone/Requests/ViewRequestDetail?requestId=101000059036&type=new_cs180301154109&viewRole=,101000059036,Assigned,"May 25, 2017 2:07 pm",
https://www.rva311.com/rvaone/Requests/ViewRequestDetail?requestId=101000059033&type=new_cs180221190731&viewRole=,101000059033,Completed,"May 25, 2017 2:01 pm",
https://www.rva311.com/rvaone/Requests/ViewRequestDetail?requestId=201648-101000059032&type=new_cs180226204420&viewRole=,201648-101000059032,Completed,"May 25, 2017 2:00 pm",
https://www.rva311.com/rvaone/Requests/ViewRequestDetail?requestId=101000059028&type=new_cs180301142929&viewRole=,101000059028,Completed,"May 25, 2017 1:53 pm",
https://www.rva311.com/rvaone/Requests/ViewRequestDetail?requestId=101000059027&type=new_cs180221192758&viewRole=,101000059027,Completed,"May 25, 2017 1:51 pm",
https://www.rva311.com/rvaone/Requests/ViewRequestDetail?requestId=101000059023&type=new_cs180221194656&viewRole=,101000059023,Assigned,"May 25, 2017 1:48 pm",
https://www.rva311.com/rvaone/Requests/ViewRequestDetail?requestId=101000059018&type=new_cs180301154109&viewRole=,101000059018,Completed,"May 25, 2017 1:44 pm",
https://www.rva311.com/rvaone/Requests/ViewRequestDetail?requestId=101000059017&type=new_cs180221194656&viewRole=,101000059017,Assigned,"May 25, 2017 1:39 pm",
https://www.rva311.com/rvaone/Requests/ViewRequestDetail?requestId=101000059014&type=new_cs180301142929&viewRole=,101000059014,Completed,"May 25, 2017 1:36 pm",
https://www.rva311.com/rvaone/Requests/ViewRequestDetail?requestId=101000059011&type=new_cs180221194656&viewRole=,101000059011,Assigned,"May 25, 2017 1:33 pm",
https://www.rva311.com/rvaone/Requests/ViewRequestDetail?requestId=101000059010&type=new_cs180221194656&viewRole=,101000059010,Completed,"May 25, 2017 1:28 pm",
https://www.rva311.com/rvaone/Requests/ViewRequestDetail?requestId=101000059003&type=new_cs180221194656&viewRole=,101000059003,Assigned,"May 25, 2017 1:17 pm",
https://www.rva311.com/rvaone/Requests/ViewRequestDetail?requestId=101000059001&type=new_cs180226204420&viewRole=,101000059001,Completed,"May 25, 2017 1:12 pm",
https://www.rva311.com/rvaone/Requests/ViewRequestDetail?requestId=101000058998&type=new_cs180301154109&viewRole=,101000058998,Completed,"May 25, 2017 1:09 pm",
https://www.rva311.com/rvaone/Requests/ViewRequestDetail?requestId=101000058994&type=new_cs180221194032&viewRole=,101000058994,Completed,"May 25, 2017 12:42 pm",
https://www.rva311.com/rvaone/Requests/ViewRequestDetail?requestId=101000058984&type=new_cs180301154109&viewRole=,101000058984,Completed,"May 25, 2017 12:21 pm",
https://www.rva311.com/rvaone/Requests/ViewRequestDetail?requestId=101000058980&type=new_cs180221194032&viewRole=,101000058980,Assigned,"May 25, 2017 12:08 pm",
https://www.rva311.com/rvaone/Requests/ViewRequestDetail?requestId=101000058979&type=new_cs180221194032&viewRole=,101000058979,Completed,"May 25, 2017 12:02 pm",
https://www.rva311.com/rvaone/Requests/ViewRequestDetail?requestId=101000058965&type=new_cs180221194656&viewRole=,101000058965,Assigned,"May 25, 2017 11:32 am",
https://www.rva311.com/rvaone/Requests/ViewRequestDetail?requestId=101000058960&type=new_cs180301142929&viewRole=,101000058960,Completed,"May 25, 2017 11:28 am",
https://www.rva311.com/rvaone/Requests/ViewRequestDetail?requestId=101000058944&type=new_cs180221194032&viewRole=,101000058944,Completed,"May 25, 2017 10:58 am",
https://www.rva311.com/rvaone/Requests/ViewRequestDetail?requestId=201589-101000058945&type=new_cs180301154109&viewRole=,201589-101000058945,Completed,"May 25, 2017 10:58 am",
https://www.rva311.com/rvaone/Requests/ViewRequestDetail?requestId=101000058941&type=new_cs180301154109&viewRole=,101000058941,Assigned,"May 25, 2017 10:52 am",
https://www.rva311.com/rvaone/Requests/ViewRequestDetail?requestId=101000058940&type=new_cs180221194656&viewRole=,101000058940,Assigned,"May 25, 2017 10:46 am",
https://www.rva311.com/rvaone/Requests/ViewRequestDetail?requestId=101000058931&type=new_cs180301154109&viewRole=,101000058931,Completed,"May 25, 2017 10:28 am",
https://www.rva311.com/rvaone/Requests/ViewRequestDetail?requestId=101000058927&type=new_cs180221192758&viewRole=,101000058927,Completed,"May 25, 2017 10:23 am",
https://www.rva311.com/rvaone/Requests/ViewRequestDetail?requestId=101000058928&type=new_cs180301154109&viewRole=,101000058928,Completed,"May 25, 2017 10:23 am",
https://www.rva311.com/rvaone/Requests/ViewRequestDetail?requestId=101000058916&type=new_cs180221194656&viewRole=,101000058916,Assigned,"May 25, 2017 9:54 am",
https://www.rva311.com/rvaone/Requests/ViewRequestDetail?requestId=101000058900&type=new_cs180221194032&viewRole=,101000058900,Assigned,"May 25, 2017 9:26 am",
https://www.rva311.com/rvaone/Requests/ViewRequestDetail?requestId=101000058901&type=new_cs180301154109&viewRole=,101000058901,Completed,"May 25, 2017 9:26 am",
https://www.rva311.com/rvaone/Requests/ViewRequestDetail?requestId=101000058898&type=new_cs180221194656&viewRole=,101000058898,Assigned,"May 25, 2017 9:24 am",
https://www.rva311.com/rvaone/Requests/ViewRequestDetail?requestId=101000058897&type=new_cs180228155543&viewRole=,101000058897,Assigned,"May 25, 2017 9:21 am",
https://www.rva311.com/rvaone/Requests/ViewRequestDetail?requestId=101000058880&type=new_cs180221192758&viewRole=,101000058880,Completed,"May 25, 2017 8:58 am",
https://www.rva311.com/rvaone/Requests/ViewRequestDetail?requestId=101000058872&type=new_cs180301142929&viewRole=,101000058872,Completed,"May 25, 2017 8:47 am",
https://www.rva311.com/rvaone/Requests/ViewRequestDetail?requestId=101000058870&type=new_cs180301142929&viewRole=,101000058870,Completed,"May 25, 2017 8:42 am",
https://www.rva311.com/rvaone/Requests/ViewRequestDetail?requestId=101000058864&type=new_cs180221194656&viewRole=,101000058864,Completed,"May 25, 2017 8:22 am",
https://www.rva311.com/rvaone/Requests/ViewRequestDetail?requestId=201548-101000058860&type=new_cs180301154109&viewRole=,201548-101000058860,Completed,"May 25, 2017 7:50 am",
https://www.rva311.com/rvaone/Requests/ViewRequestDetail?requestId=101000058859&type=new_cs180301154109&viewRole=,101000058859,Completed,"May 25, 2017 7:44 am",
https://www.rva311.com/rvaone/Requests/ViewRequestDetail?requestId=101000058858&type=new_cs180301154109&viewRole=,101000058858,Completed,"May 25, 2017 7:42 am",
https://www.rva311.com/rvaone/Requests/ViewRequestDetail?requestId=201545-101000058856&type=new_cs180226204420&viewRole=,201545-101000058856,Completed,"May 25, 2017 7:32 am",
https://www.rva311.com/rvaone/Requests/ViewRequestDetail?requestId=101000058855&type=new_cs180228212904&viewRole=,101000058855,Assigned,"May 25, 2017 7:19 am",
https://www.rva311.com/rvaone/Requests/ViewRequestDetail?requestId=201463-101000058848&type=new_cs180301154109&viewRole=,201463-101000058848,Completed,"May 24, 2017 6:32 pm",
https://www.rva311.com/rvaone/Requests/ViewRequestDetail?requestId=101000058844&type=new_cs180221194032&viewRole=,101000058844,Assigned,"May 24, 2017 5:19 pm",
https://www.rva311.com/rvaone/Requests/ViewRequestDetail?requestId=101000058842&type=new_cs180301154109&viewRole=,101000058842,Completed,"May 24, 2017 5:15 pm",
https://www.rva311.com/rvaone/Requests/ViewRequestDetail?requestId=101000058839&type=new_cs180221192758&viewRole=,101000058839,Completed,"May 24, 2017 5:04 pm",
https://www.rva311.com/rvaone/Requests/ViewRequestDetail?requestId=101000058838&type=new_cs180301154109&viewRole=,101000058838,Completed,"May 24, 2017 5:03 pm",
https://www.rva311.com/rvaone/Requests/ViewRequestDetail?requestId=101000058836&type=new_cs180301142929&viewRole=,101000058836,Completed,"May 24, 2017 4:59 pm",
https://www.rva311.com/rvaone/Requests/ViewRequestDetail?requestId=201441-101000058833&type=new_cs180301154109&viewRole=,201441-101000058833,Completed,"May 24, 2017 4:54 pm",
https://www.rva311.com/rvaone/Requests/ViewRequestDetail?requestId=201434-101000058811&type=new_cs180301154109&viewRole=,201434-101000058811,Completed,"May 24, 2017 4:08 pm",
https://www.rva311.com/rvaone/Requests/ViewRequestDetail?requestId=101000058809&type=new_cs180301154109&viewRole=,101000058809,Assigned,"May 24, 2017 3:51 pm",
https://www.rva311.com/rvaone/Requests/ViewRequestDetail?requestId=101000058807&type=new_cs180221194032&viewRole=,101000058807,Assigned,"May 24, 2017 3:49 pm",
https://www.rva311.com/rvaone/Requests/ViewRequestDetail?requestId=101000058805&type=new_cs180221194656&viewRole=,101000058805,Assigned,"May 24, 2017 3:46 pm",
https://www.rva311.com/rvaone/Requests/ViewRequestDetail?requestId=101000058801&type=new_cs180221194656&viewRole=,101000058801,Completed,"May 24, 2017 3:40 pm",
https://www.rva311.com/rvaone/Requests/ViewRequestDetail?requestId=101000058799&type=new_cs180301154109&viewRole=,101000058799,Assigned,"May 24, 2017 3:34 pm",
https://www.rva311.com/rvaone/Requests/ViewRequestDetail?requestId=101000058797&type=new_cs180301154109&viewRole=,101000058797,Completed,"May 24, 2017 3:33 pm",
https://www.rva311.com/rvaone/Requests/ViewRequestDetail?requestId=101000058795&type=new_cs180221194656&viewRole=,101000058795,Assigned,"May 24, 2017 3:33 pm",
https://www.rva311.com/rvaone/Requests/ViewRequestDetail?requestId=101000058792&type=new_cs180221194656&viewRole=,101000058792,Assigned,"May 24, 2017 3:30 pm",
https://www.rva311.com/rvaone/Requests/ViewRequestDetail?requestId=101000058791&type=new_cs180301142929&viewRole=,101000058791,Completed,"May 24, 2017 3:28 pm",
https://www.rva311.com/rvaone/Requests/ViewRequestDetail?requestId=101000058789&type=new_cs180301142929&viewRole=,101000058789,Completed,"May 24, 2017 3:27 pm",
https://www.rva311.com/rvaone/Requests/ViewRequestDetail?requestId=101000058785&type=new_cs180301154109&viewRole=,101000058785,Assigned,"May 24, 2017 3:16 pm",
https://www.rva311.com/rvaone/Requests/ViewRequestDetail?requestId=201415-101000058780&type=new_cs180301154109&viewRole=,201415-101000058780,Completed,"May 24, 2017 3:04 pm",
https://www.rva311.com/rvaone/Requests/ViewRequestDetail?requestId=101000058775&type=new_cs180301142929&viewRole=,101000058775,Completed,"May 24, 2017 2:53 pm",
https://www.rva311.com/rvaone/Requests/ViewRequestDetail?requestId=101000058764&type=new_cs180529151350&viewRole=,101000058764,Assigned,"May 24, 2017 1:57 pm",
https://www.rva311.com/rvaone/Requests/ViewRequestDetail?requestId=101000058762&type=new_cs180301154109&viewRole=,101000058762,Completed,"May 24, 2017 1:55 pm",
https://www.rva311.com/rvaone/Requests/ViewRequestDetail?requestId=101000058759&type=new_cs180529151350&viewRole=,101000058759,Assigned,"May 24, 2017 1:54 pm",
https://www.rva311.com/rvaone/Requests/ViewRequestDetail?requestId=101000058757&type=new_cs180221194656&viewRole=,101000058757,Assigned,"May 24, 2017 1:52 pm",
https://www.rva311.com/rvaone/Requests/ViewRequestDetail?requestId=101000058754&type=new_cs180301142929&viewRole=,101000058754,Completed,"May 24, 2017 1:50 pm",
https://www.rva311.com/rvaone/Requests/ViewRequestDetail?requestId=101000058753&type=new_cs180301142929&viewRole=,101000058753,Completed,"May 24, 2017 1:48 pm",
https://www.rva311.com/rvaone/Requests/ViewRequestDetail?requestId=101000058752&type=new_cs180221194423&viewRole=,101000058752,Completed,"May 24, 2017 1:46 pm",
https://www.rva311.com/rvaone/Requests/ViewRequestDetail?requestId=101000058749&type=new_cs180226204420&viewRole=,101000058749,Completed,"May 24, 2017 1:43 pm",
https://www.rva311.com/rvaone/Requests/ViewRequestDetail?requestId=101000058743&type=new_cs180301154109&viewRole=,101000058743,Completed,"May 24, 2017 1:30 pm",
https://www.rva311.com/rvaone/Requests/ViewRequestDetail?requestId=101000058742&type=new_cs180301154109&viewRole=,101000058742,Completed,"May 24, 2017 1:28 pm",
https://www.rva311.com/rvaone/Requests/ViewRequestDetail?requestId=201397-101000058741&type=new_cs180301154109&viewRole=,201397-101000058741,Completed,"May 24, 2017 1:28 pm",
https://www.rva311.com/rvaone/Requests/ViewRequestDetail?requestId=101000058731&type=new_cs180301154109&viewRole=,101000058731,Assigned,"May 24, 2017 1:17 pm",
https://www.rva311.com/rvaone/Requests/ViewRequestDetail?requestId=101000058730&type=new_cs180529151350&viewRole=,101000058730,Assigned,"May 24, 2017 1:16 pm",
https://www.rva311.com/rvaone/Requests/ViewRequestDetail?requestId=201394-101000058728&type=new_cs180301154109&viewRole=,201394-101000058728,Completed,"May 24, 2017 1:14 pm",
https://www.rva311.com/rvaone/Requests/ViewRequestDetail?requestId=101000058726&type=new_cs180301154109&viewRole=,101000058726,Completed,"May 24, 2017 1:13 pm",
https://www.rva311.com/rvaone/Requests/ViewRequestDetail?requestId=101000058724&type=new_cs180301154109&viewRole=,101000058724,Completed,"May 24, 2017 1:10 pm",
https://www.rva311.com/rvaone/Requests/ViewRequestDetail?requestId=101000058721&type=new_cs180301154109&viewRole=,101000058721,Completed,"May 24, 2017 1:06 pm",
https://www.rva311.com/rvaone/Requests/ViewRequestDetail?requestId=101000058719&type=new_cs180226204420&viewRole=,101000058719,Completed,"May 24, 2017 1:01 pm",
https://www.rva311.com/rvaone/Requests/ViewRequestDetail?requestId=201389-101000058715&type=new_cs180301154109&viewRole=,201389-101000058715,Assigned,"May 24, 2017 12:56 pm",
https://www.rva311.com/rvaone/Requests/ViewRequestDetail?requestId=101000058714&type=new_cs180221192758&viewRole=,101000058714,Completed,"May 24, 2017 12:54 pm",
https://www.rva311.com/rvaone/Requests/ViewRequestDetail?requestId=201387-101000058713&type=new_cs180301154109&viewRole=,201387-101000058713,Assigned,"May 24, 2017 12:52 pm",
https://www.rva311.com/rvaone/Requests/ViewRequestDetail?requestId=101000058708&type=new_cs180301142929&viewRole=,101000058708,Completed,"May 24, 2017 12:44 pm",
https://www.rva311.com/rvaone/Requests/ViewRequestDetail?requestId=101000058703&type=new_cs180529151350&viewRole=,101000058703,Assigned,"May 24, 2017 12:31 pm",
https://www.rva311.com/rvaone/Requests/ViewRequestDetail?requestId=201362-101000058683&type=new_cs180301154109&viewRole=,201362-101000058683,Completed,"May 24, 2017 11:38 am",
https://www.rva311.com/rvaone/Requests/ViewRequestDetail?requestId=201363-101000058684&type=new_cs180301154109&viewRole=,201363-101000058684,Completed,"May 24, 2017 11:38 am",
https://www.rva311.com/rvaone/Requests/ViewRequestDetail?requestId=201351-101000058675&type=new_cs180301154109&viewRole=,201351-101000058675,Completed,"May 24, 2017 11:14 am",
https://www.rva311.com/rvaone/Requests/ViewRequestDetail?requestId=101000058670&type=new_cs180301154109&viewRole=,101000058670,Completed,"May 24, 2017 11:02 am",
https://www.rva311.com/rvaone/Requests/ViewRequestDetail?requestId=101000058665&type=new_cs180221194656&viewRole=,101000058665,Assigned,"May 24, 2017 10:36 am",
https://www.rva311.com/rvaone/Requests/ViewRequestDetail?requestId=101000058654&type=new_cs180301154109&viewRole=,101000058654,Completed,"May 24, 2017 10:21 am",
https://www.rva311.com/rvaone/Requests/ViewRequestDetail?requestId=101000058643&type=new_cs180221194656&viewRole=,101000058643,Assigned,"May 24, 2017 10:01 am",
https://www.rva311.com/rvaone/Requests/ViewRequestDetail?requestId=101000058634&type=new_cs180221194032&viewRole=,101000058634,Assigned,"May 24, 2017 9:42 am",
https://www.rva311.com/rvaone/Requests/ViewRequestDetail?requestId=101000058629&type=new_cs180226204420&viewRole=,101000058629,Completed,"May 24, 2017 9:30 am",
https://www.rva311.com/rvaone/Requests/ViewRequestDetail?requestId=101000058627&type=new_cs180301154109&viewRole=,101000058627,Completed,"May 24, 2017 9:25 am",
https://www.rva311.com/rvaone/Requests/ViewRequestDetail?requestId=101000058613&type=new_cs180221194656&viewRole=,101000058613,Assigned,"May 24, 2017 8:59 am",
https://www.rva311.com/rvaone/Requests/ViewRequestDetail?requestId=101000058604&type=new_cs180301154109&viewRole=,101000058604,Completed,"May 24, 2017 8:51 am",
https://www.rva311.com/rvaone/Requests/ViewRequestDetail?requestId=201254-101000058601&type=new_cs180301154109&viewRole=,201254-101000058601,Completed,"May 24, 2017 8:50 am",
https://www.rva311.com/rvaone/Requests/ViewRequestDetail?requestId=201246-101000058602&type=new_cs180301154109&viewRole=,201246-101000058602,Completed,"May 24, 2017 8:50 am",
https://www.rva311.com/rvaone/Requests/ViewRequestDetail?requestId=201247-101000058603&type=new_cs180301154109&viewRole=,201247-101000058603,Completed,"May 24, 2017 8:50 am",
https://www.rva311.com/rvaone/Requests/ViewRequestDetail?requestId=201245-101000058600&type=new_cs180301154109&viewRole=,201245-101000058600,Completed,"May 24, 2017 8:50 am",
https://www.rva311.com/rvaone/Requests/ViewRequestDetail?requestId=201233-101000058591&type=new_cs180301154109&viewRole=,201233-101000058591,Completed,"May 24, 2017 8:20 am",
https://www.rva311.com/rvaone/Requests/ViewRequestDetail?requestId=101000058582&type=new_cs180301154109&viewRole=,101000058582,Completed,"May 24, 2017 7:34 am",
https://www.rva311.com/rvaone/Requests/ViewRequestDetail?requestId=101000058548&type=new_cs180221194656&viewRole=,101000058548,Assigned,"May 23, 2017 4:09 pm",
https://www.rva311.com/rvaone/Requests/ViewRequestDetail?requestId=101000058546&type=new_cs180221194656&viewRole=,101000058546,Assigned,"May 23, 2017 4:05 pm",
https://www.rva311.com/rvaone/Requests/ViewRequestDetail?requestId=101000058539&type=new_cs180221194656&viewRole=,101000058539,Assigned,"May 23, 2017 3:53 pm",
https://www.rva311.com/rvaone/Requests/ViewRequestDetail?requestId=101000058490&type=new_cs180221194656&viewRole=,101000058490,Assigned,"May 23, 2017 1:27 pm",
https://www.rva311.com/rvaone/Requests/ViewRequestDetail?requestId=101000058482&type=new_cs180221194656&viewRole=,101000058482,Completed,"May 23, 2017 1:06 pm",
https://www.rva311.com/rvaone/Requests/ViewRequestDetail?requestId=201121-101000058479&type=new_cs180301154109&viewRole=,201121-101000058479,Completed,"May 23, 2017 12:44 pm",
https://www.rva311.com/rvaone/Requests/ViewRequestDetail?requestId=101000058478&type=new_cs180301153010&viewRole=,101000058478,Completed,"May 23, 2017 12:40 pm",
https://www.rva311.com/rvaone/Requests/ViewRequestDetail?requestId=201116-101000058475&type=new_cs180301154109&viewRole=,201116-101000058475,Completed,"May 23, 2017 12:36 pm",
https://www.rva311.com/rvaone/Requests/ViewRequestDetail?requestId=201118-101000058476&type=new_cs180301154109&viewRole=,201118-101000058476,Completed,"May 23, 2017 12:36 pm",
https://www.rva311.com/rvaone/Requests/ViewRequestDetail?requestId=201117-101000058474&type=new_cs180301154109&viewRole=,201117-101000058474,Completed,"May 23, 2017 12:36 pm",
https://www.rva311.com/rvaone/Requests/ViewRequestDetail?requestId=201115-101000058473&type=new_cs180301154109&viewRole=,201115-101000058473,Completed,"May 23, 2017 12:34 pm",
https://www.rva311.com/rvaone/Requests/ViewRequestDetail?requestId=201112-101000058469&type=new_cs180301154109&viewRole=,201112-101000058469,Completed,"May 23, 2017 12:22 pm",
https://www.rva311.com/rvaone/Requests/ViewRequestDetail?requestId=101000058457&type=new_cs180301154109&viewRole=,101000058457,Completed,"May 23, 2017 11:51 am",
https://www.rva311.com/rvaone/Requests/ViewRequestDetail?requestId=101000058444&type=new_cs180221194032&viewRole=,101000058444,Assigned,"May 23, 2017 11:27 am",
https://www.rva311.com/rvaone/Requests/ViewRequestDetail?requestId=101000058443&type=new_cs180301154109&viewRole=,101000058443,Completed,"May 23, 2017 11:27 am",
https://www.rva311.com/rvaone/Requests/ViewRequestDetail?requestId=101000058442&type=new_cs180301154109&viewRole=,101000058442,Completed,"May 23, 2017 11:24 am",
https://www.rva311.com/rvaone/Requests/ViewRequestDetail?requestId=101000058434&type=new_cs180301154109&viewRole=,101000058434,Completed,"May 23, 2017 11:13 am",
https://www.rva311.com/rvaone/Requests/ViewRequestDetail?requestId=101000058433&type=new_cs180301154109&viewRole=,101000058433,Completed,"May 23, 2017 11:12 am",
https://www.rva311.com/rvaone/Requests/ViewRequestDetail?requestId=101000058431&type=new_cs180301154109&viewRole=,101000058431,Assigned,"May 23, 2017 11:09 am",
https://www.rva311.com/rvaone/Requests/ViewRequestDetail?requestId=101000058427&type=new_cs180221194656&viewRole=,101000058427,Assigned,"May 23, 2017 11:06 am",
https://www.rva311.com/rvaone/Requests/ViewRequestDetail?requestId=101000058426&type=new_cs180221194656&viewRole=,101000058426,Assigned,"May 23, 2017 11:04 am",
https://www.rva311.com/rvaone/Requests/ViewRequestDetail?requestId=101000058425&type=new_cs180221194656&viewRole=,101000058425,Assigned,"May 23, 2017 11:02 am",
https://www.rva311.com/rvaone/Requests/ViewRequestDetail?requestId=101000058423&type=new_cs180221194656&viewRole=,101000058423,Completed,"May 23, 2017 11:00 am",
https://www.rva311.com/rvaone/Requests/ViewRequestDetail?requestId=101000058422&type=new_cs180221194457&viewRole=,101000058422,Completed,"May 23, 2017 10:57 am",
https://www.rva311.com/rvaone/Requests/ViewRequestDetail?requestId=101000058420&type=new_cs180221194656&viewRole=,101000058420,Assigned,"May 23, 2017 10:56 am",
https://www.rva311.com/rvaone/Requests/ViewRequestDetail?requestId=101000058418&type=new_cs180221194656&viewRole=,101000058418,Completed,"May 23, 2017 10:53 am",
https://www.rva311.com/rvaone/Requests/ViewRequestDetail?requestId=101000058416&type=new_cs180221194656&viewRole=,101000058416,Assigned,"May 23, 2017 10:50 am",
https://www.rva311.com/rvaone/Requests/ViewRequestDetail?requestId=101000058415&type=new_cs180221194457&viewRole=,101000058415,Completed,"May 23, 2017 10:49 am",
https://www.rva311.com/rvaone/Requests/ViewRequestDetail?requestId=101000058412&type=new_cs180301154109&viewRole=,101000058412,Assigned,"May 23, 2017 10:46 am",
https://www.rva311.com/rvaone/Requests/ViewRequestDetail?requestId=101000058406&type=new_cs180301154109&viewRole=,101000058406,Completed,"May 23, 2017 10:36 am",
https://www.rva311.com/rvaone/Requests/ViewRequestDetail?requestId=101000058397&type=new_cs180301154109&viewRole=,101000058397,Completed,"May 23, 2017 10:26 am",
https://www.rva311.com/rvaone/Requests/ViewRequestDetail?requestId=101000058395&type=new_cs180301154109&viewRole=,101000058395,Assigned,"May 23, 2017 10:24 am",
https://www.rva311.com/rvaone/Requests/ViewRequestDetail?requestId=101000058394&type=new_cs180221190731&viewRole=,101000058394,Completed,"May 23, 2017 10:21 am",
https://www.rva311.com/rvaone/Requests/ViewRequestDetail?requestId=101000058393&type=new_cs180221190731&viewRole=,101000058393,Completed,"May 23, 2017 10:19 am",
https://www.rva311.com/rvaone/Requests/ViewRequestDetail?requestId=101000058391&type=new_cs180221194423&viewRole=,101000058391,Completed,"May 23, 2017 10:17 am",
https://www.rva311.com/rvaone/Requests/ViewRequestDetail?requestId=101000058382&type=new_cs180301142929&viewRole=,101000058382,Completed,"May 23, 2017 10:12 am",
https://www.rva311.com/rvaone/Requests/ViewRequestDetail?requestId=101000058379&type=new_cs180529151350&viewRole=,101000058379,Assigned,"May 23, 2017 10:10 am",
https://www.rva311.com/rvaone/Requests/ViewRequestDetail?requestId=101000058376&type=new_cs180221194457&viewRole=,101000058376,Assigned,"May 23, 2017 10:08 am",
https://www.rva311.com/rvaone/Requests/ViewRequestDetail?requestId=101000058368&type=new_cs180301142929&viewRole=,101000058368,Completed,"May 23, 2017 9:56 am",
https://www.rva311.com/rvaone/Requests/ViewRequestDetail?requestId=201057-101000058357&type=new_cs180301154109&viewRole=,201057-101000058357,Completed,"May 23, 2017 9:34 am",
https://www.rva311.com/rvaone/Requests/ViewRequestDetail?requestId=201049-101000058347&type=new_cs180301154109&viewRole=,201049-101000058347,Completed,"May 23, 2017 9:26 am",
https://www.rva311.com/rvaone/Requests/ViewRequestDetail?requestId=201048-101000058345&type=new_cs180301154109&viewRole=,201048-101000058345,Completed,"May 23, 2017 9:24 am",
https://www.rva311.com/rvaone/Requests/ViewRequestDetail?requestId=101000058326&type=new_cs180221194656&viewRole=,101000058326,Assigned,"May 23, 2017 8:58 am",
https://www.rva311.com/rvaone/Requests/ViewRequestDetail?requestId=101000058325&type=new_cs180301154109&viewRole=,101000058325,Completed,"May 23, 2017 8:58 am",
https://www.rva311.com/rvaone/Requests/ViewRequestDetail?requestId=101000058323&type=new_cs180221194457&viewRole=,101000058323,Completed,"May 23, 2017 8:53 am",
https://www.rva311.com/rvaone/Requests/ViewRequestDetail?requestId=101000058302&type=new_cs180301154109&viewRole=,101000058302,Completed,"May 23, 2017 7:46 am",
https://www.rva311.com/rvaone/Requests/ViewRequestDetail?requestId=200996-101000058301&type=new_cs180221194251&viewRole=,200996-101000058301,Completed,"May 23, 2017 7:30 am",
https://www.rva311.com/rvaone/Requests/ViewRequestDetail?requestId=200947-101000058296&type=new_cs180301154109&viewRole=,200947-101000058296,Completed,"May 22, 2017 7:26 pm",
https://www.rva311.com/rvaone/Requests/ViewRequestDetail?requestId=200911-101000058294&type=new_cs180301154109&viewRole=,200911-101000058294,Completed,"May 22, 2017 5:56 pm",
https://www.rva311.com/rvaone/Requests/ViewRequestDetail?requestId=101000058284&type=new_cs180301154109&viewRole=,101000058284,Completed,"May 22, 2017 5:21 pm",
https://www.rva311.com/rvaone/Requests/ViewRequestDetail?requestId=101000058282&type=new_cs180221194457&viewRole=,101000058282,Completed,"May 22, 2017 5:17 pm",
https://www.rva311.com/rvaone/Requests/ViewRequestDetail?requestId=101000058274&type=new_cs180221194656&viewRole=,101000058274,Assigned,"May 22, 2017 5:00 pm",
https://www.rva311.com/rvaone/Requests/ViewRequestDetail?requestId=101000058272&type=new_cs180221194251&viewRole=,101000058272,Completed,"May 22, 2017 4:56 pm",
https://www.rva311.com/rvaone/Requests/ViewRequestDetail?requestId=101000058266&type=new_cs180301154109&viewRole=,101000058266,Assigned,"May 22, 2017 4:37 pm",
https://www.rva311.com/rvaone/Requests/ViewRequestDetail?requestId=101000058264&type=new_cs180221191046&viewRole=,101000058264,Completed,"May 22, 2017 4:30 pm",
https://www.rva311.com/rvaone/Requests/ViewRequestDetail?requestId=200870-101000058257&type=new_cs180226204420&viewRole=,200870-101000058257,Completed,"May 22, 2017 4:04 pm",
https://www.rva311.com/rvaone/Requests/ViewRequestDetail?requestId=101000058247&type=new_cs180221194423&viewRole=,101000058247,Completed,"May 22, 2017 3:41 pm",
https://www.rva311.com/rvaone/Requests/ViewRequestDetail?requestId=101000058245&type=new_cs180301154109&viewRole=,101000058245,Completed,"May 22, 2017 3:39 pm",
https://www.rva311.com/rvaone/Requests/ViewRequestDetail?requestId=200862-101000058231&type=new_cs180301154109&viewRole=,200862-101000058231,Completed,"May 22, 2017 3:08 pm",
